{
    "key": "group_65c20e9dc07c8",
    "title": "Properties Page",
    "fields": [
        {
            "key": "field_65c20e9dcac13",
            "label": "Property Name",
            "name": "property_name",
            "aria-label": "",
            "type": "text",
            "instructions": "",
            "required": 1,
            "conditional_logic": 0,
            "wrapper": {
                "width": "",
                "class": "",
                "id": ""
            },
            "default_value": "",
            "maxlength": 50,
            "placeholder": "",
            "prepend": "",
            "append": ""
        },
        {
            "key": "field_65c20fbb72a9d",
            "label": "Location",
            "name": "location",
            "aria-label": "",
            "type": "text",
            "instructions": "",
            "required": 1,
            "conditional_logic": 0,
            "wrapper": {
                "width": "",
                "class": "",
                "id": ""
            },
            "default_value": "",
            "maxlength": "",
            "placeholder": "",
            "prepend": "",
            "append": ""
        },
        {
            "key": "field_65c211c4f5e01",
            "label": "Capacity",
            "name": "capacity",
            "aria-label": "",
            "type": "number",
            "instructions": "How many people can sleep in this property, it is recommended to give further detail in the description.",
            "required": 1,
            "conditional_logic": 0,
            "wrapper": {
                "width": "",
                "class": "",
                "id": ""
            },
            "default_value": "",
            "min": 1,
            "max": "",
            "placeholder": "",
            "step": "",
            "prepend": "",
            "append": ""
        },
        {
            "key": "field_65ebb56725e83",
            "label": "Additional Features",
            "name": "additional_features",
            "aria-label": "",
            "type": "select",
            "instructions": "",
            "required": 0,
            "conditional_logic": 0,
            "wrapper": {
                "width": "",
                "class": "",
                "id": ""
            },
            "choices": {
                "fa-solid fa-house": "Single-storey",
                "fa-solid fa-building": "Multi-storey",
                "fa-solid fa-car-side": "Parking",
                "fa-solid fa-person-swimming": "Pool",
                "fa-solid fa-tree": "Garden",
                "fa-solid fa-umbrella-beach": "Beach",
                "fa-solid fa-paw": "Pets Allowed",
                "fa-solid fa-wheelchair": "Disability Friendly",
                "fa-solid fa-children": "Family Friendly"
            },
            "default_value": [],
            "return_format": "array",
            "multiple": 1,
            "allow_null": 0,
            "ui": 1,
            "ajax": 1,
            "placeholder": ""
        },
        {
            "key": "field_65c21196f5dff",
            "label": "Highlight Photo",
            "name": "highlight_photo",
            "aria-label": "",
            "type": "image",
            "instructions": "The highlight photo for the property, this is what will show up in the property list.",
            "required": 1,
            "conditional_logic": 0,
            "wrapper": {
                "width": "",
                "class": "",
                "id": ""
            },
            "return_format": "url",
            "library": "all",
            "min_width": "",
            "min_height": "",
            "min_size": "",
            "max_width": "",
            "max_height": "",
            "max_size": "",
            "mime_types": "",
            "preview_size": "medium"
        },
        {
            "key": "field_65c2101c72a9f",
            "label": "Local Area",
            "name": "local_area",
            "aria-label": "",
            "type": "textarea",
            "instructions": "",
            "required": 1,
            "conditional_logic": 0,
            "wrapper": {
                "width": "",
                "class": "",
                "id": ""
            },
            "default_value": "",
            "maxlength": "",
            "rows": "",
            "placeholder": "",
            "new_lines": ""
        },
        {
            "key": "field_65ecc9b050893",
            "label": "Description",
            "name": "description",
            "aria-label": "",
            "type": "textarea",
            "instructions": "",
            "required": 1,
            "conditional_logic": 0,
            "wrapper": {
                "width": "",
                "class": "",
                "id": ""
            },
            "default_value": "",
            "maxlength": "",
            "rows": "",
            "placeholder": "",
            "new_lines": ""
        }
    ],
    "location": [
        [
            {
                "param": "page_template",
                "operator": "==",
                "value": "page-details.php"
            }
        ]
    ],
    "menu_order": 0,
    "position": "normal",
    "style": "seamless",
    "label_placement": "top",
    "instruction_placement": "label",
    "hide_on_screen": "",
    "active": true,
    "description": "",
    "show_in_rest": 0,
    "modified": 1710518271
}
